Manufacturer,Quarter,Quarterly_Sales,Growth
Hyundai,2024Q4,43344,-0.7101296559307246
Kia,2024Q4,20493,24.132291477375965
Mahindra,2024Q4,43758,-0.18021306202522513
Maruti,2024Q4,28932,3.0635508691934987
Tata,2024Q4,40925,0.22285350443258523
Toyota,2024Q4,22832,32.244425137561535
